product_id,image_url
114797,http://tsw-admin.icommerce.se/media/catalog/product/1/0/10291_purple_1.jpg
53025,http://tsw-admin.icommerce.se/media/catalog/product/s/g/sg95.jpg
69984,http://tsw-admin.icommerce.se/media/catalog/product/2/2/22322_2011332715339990133.jpg
70119,http://tsw-admin.icommerce.se/media/catalog/product/2/2/22321_01.jpg
70997,http://tsw-admin.icommerce.se/media/catalog/product/2/2/22256_2011341410465400266.jpg
71188,http://tsw-admin.icommerce.se/media/catalog/product/2/2/22252_20113414104312241332.jpg
71420,http://tsw-admin.icommerce.se/media/catalog/product/2/2/22330_201133271558131262.jpg
71633,http://tsw-admin.icommerce.se/media/catalog/product/2/2/22265_201134141045207130.jpg
71713,http://tsw-admin.icommerce.se/media/catalog/product/2/2/22262_20113327153532897.jpg
72691,http://tsw-admin.icommerce.se/media/catalog/product/2/2/22245_2011352913485023725.jpg
73372,http://tsw-admin.icommerce.se/media/catalog/product/2/2/22259_2011341410471693367.jpg
73788,http://tsw-admin.icommerce.se/media/catalog/product/2/2/22260_201134141032307774.jpg
73964,http://tsw-admin.icommerce.se/media/catalog/product/2/2/22232_20113414103452561248.jpg
74013,http://tsw-admin.icommerce.se/media/catalog/product/2/2/22233_2011341410352340529.jpg
74144,http://tsw-admin.icommerce.se/media/catalog/product/2/2/22234_20113414103611171230.jpg
75202,http://tsw-admin.icommerce.se/media/catalog/product/2/2/22250_20113414104235787252.jpg
75934,http://tsw-admin.icommerce.se/media/catalog/product/2/2/22251_20113414104255538299.jpg
76290,http://tsw-admin.icommerce.se/media/catalog/product/2/2/22263_20113414104441649336.jpg
76486,http://tsw-admin.icommerce.se/media/catalog/product/2/2/22239_2011341410335944317.jpg
77303,http://tsw-admin.icommerce.se/media/catalog/product/2/2/22257_2011341410465310476.jpg
77628,http://tsw-admin.icommerce.se/media/catalog/product/2/2/22244_20113327155213947310.jpg
78231,http://tsw-admin.icommerce.se/media/catalog/product/2/2/22344_20113327152841407195.jpg
78848,http://tsw-admin.icommerce.se/media/catalog/product/2/2/22255_20113414104210709149.jpg
79264,http://tsw-admin.icommerce.se/media/catalog/product/2/2/22268_20113414103715282124.jpg
79431,http://tsw-admin.icommerce.se/media/catalog/product/2/2/22269_20113414103741845112.jpg
79644,http://tsw-admin.icommerce.se/media/catalog/product/2/2/22264_20113414104459508301.jpg
79705,http://tsw-admin.icommerce.se/media/catalog/product/2/2/22326_01.jpg
79726,http://tsw-admin.icommerce.se/media/catalog/product/2/2/22267_01.jpg
79926,http://tsw-admin.icommerce.se/media/catalog/product/2/2/22254_20113414104118973239.jpg
80195,http://tsw-admin.icommerce.se/media/catalog/product/2/2/22266_20113414104540775180.jpg
80935,http://tsw-admin.icommerce.se/media/catalog/product/2/2/22246_201133271553195814.jpg
81419,http://tsw-admin.icommerce.se/media/catalog/product/2/2/22258_20113414104628885319.jpg
81509,http://tsw-admin.icommerce.se/media/catalog/product/2/2/22327_01.jpg
81649,http://tsw-admin.icommerce.se/media/catalog/product/2/2/22272_20113414103831861147.jpg
82176,http://tsw-admin.icommerce.se/media/catalog/product/2/2/22324_01.jpg
82627,http://tsw-admin.icommerce.se/media/catalog/product/2/2/22253_20113414104015769237.jpg
97965,http://tsw-admin.icommerce.se/media/catalog/product/2/2/22691_201141161543631566.jpg
97967,http://tsw-admin.icommerce.se/media/catalog/product/2/2/22687_20114116154257690169.jpg
97968,http://tsw-admin.icommerce.se/media/catalog/product/2/2/22686_2011411615425351882.jpg
97969,http://tsw-admin.icommerce.se/media/catalog/product/2/2/22685_20114116154249331265.jpg
97971,http://tsw-admin.icommerce.se/media/catalog/product/2/2/22683_01.jpg
97972,http://tsw-admin.icommerce.se/media/catalog/product/2/2/22682_20114116154236534278.jpg
97973,http://tsw-admin.icommerce.se/media/catalog/product/2/2/22684_2011411615424512786_1.jpg
97974,http://tsw-admin.icommerce.se/media/catalog/product/2/2/22681_20114116154232268195.jpg
108693,http://tsw-admin.icommerce.se/media/catalog/product/2/2/22789_201145271922757072.jpg
109197,http://tsw-admin.icommerce.se/media/catalog/product/1/_/1_81_79.jpg
109787,http://tsw-admin.icommerce.se/media/catalog/product/0/1/01_14_18.jpg
109789,http://tsw-admin.icommerce.se/media/catalog/product/0/1/01_11_1.jpg
114799,http://tsw-admin.icommerce.se/media/catalog/product/1/0/10291_red.jpg
114800,http://tsw-admin.icommerce.se/media/catalog/product/1/0/10291_yellow.jpg
114801,http://tsw-admin.icommerce.se/media/catalog/product/1/0/10291_magenta.jpg
114805,http://tsw-admin.icommerce.se/media/catalog/product/1/0/10265_magenta_black.jpg
114809,http://tsw-admin.icommerce.se/media/catalog/product/1/0/10265_clear_purple.jpg
114811,http://tsw-admin.icommerce.se/media/catalog/product/1/0/10265_clear_turquoise.jpg
115028,http://tsw-admin.icommerce.se/media/catalog/product/1/0/10291_purple.jpg
116416,http://tsw-admin.icommerce.se/media/catalog/product/0/1/01_169_143.jpg
116418,http://tsw-admin.icommerce.se/media/catalog/product/0/1/01_169_144.jpg
116427,http://tsw-admin.icommerce.se/media/catalog/product/s/a/saknas-sg487.jpg
116429,http://tsw-admin.icommerce.se/media/catalog/product/h/i/hip_hop_whole_sale-saknas-sg632.jpg
116434,http://tsw-admin.icommerce.se/media/catalog/product/1/2/121038.jpg
116477,http://tsw-admin.icommerce.se/media/catalog/product/1/_/1_19_283.jpg
116478,http://tsw-admin.icommerce.se/media/catalog/product/1/_/1_19_284.jpg
116479,http://tsw-admin.icommerce.se/media/catalog/product/1/_/1_19_282.jpg
116480,http://tsw-admin.icommerce.se/media/catalog/product/1/_/1_19_280_1.jpg
116481,http://tsw-admin.icommerce.se/media/catalog/product/1/_/1_19_281_1.jpg
116482,http://tsw-admin.icommerce.se/media/catalog/product/1/2/121060.jpg
116839,http://tsw-admin.icommerce.se/media/catalog/product/0/1/01_23_13.jpg
116846,http://tsw-admin.icommerce.se/media/catalog/product/0/1/01_23_6.jpg
116861,http://tsw-admin.icommerce.se/media/catalog/product/0/1/01_169_260.jpg
116873,http://tsw-admin.icommerce.se/media/catalog/product/0/1/01_23_8.jpg
124329,http://tsw-admin.icommerce.se/media/catalog/product/0/1/01_169_148.jpg
124403,http://tsw-admin.icommerce.se/media/catalog/product/1/_/1_19_285.jpg
169367,http://tsw-admin.icommerce.se/media/catalog/product/1/_/1_81_78.jpg
169368,http://tsw-admin.icommerce.se/media/catalog/product/1/_/1_81_77.jpg
169369,http://tsw-admin.icommerce.se/media/catalog/product/1/_/1_81_80.jpg
169665,http://tsw-admin.icommerce.se/media/catalog/product/1/_/1_81_83.jpg
171826,http://tsw-admin.icommerce.se/media/catalog/product/f/1/f1171ngreen.jpg
171827,http://tsw-admin.icommerce.se/media/catalog/product/f/1/f1197pgold.jpg
171828,http://tsw-admin.icommerce.se/media/catalog/product/f/1/f1197pwhite.jpg
171829,http://tsw-admin.icommerce.se/media/catalog/product/f/1/f1197pred.jpg
171830,http://tsw-admin.icommerce.se/media/catalog/product/f/1/f1197pyellow.jpg
171831,http://tsw-admin.icommerce.se/media/catalog/product/f/1/f1238eblue.jpg
171832,http://tsw-admin.icommerce.se/media/catalog/product/f/1/f1238ered.jpg
171833,http://tsw-admin.icommerce.se/media/catalog/product/f/1/f1208pblue.jpg
171834,http://tsw-admin.icommerce.se/media/catalog/product/f/1/f1208pred.jpg
171835,http://tsw-admin.icommerce.se/media/catalog/product/f/1/f1208pyellow.jpg
171836,http://tsw-admin.icommerce.se/media/catalog/product/f/1/f1208pgold.jpg
171838,http://tsw-admin.icommerce.se/media/catalog/product/f/1/f1207pwhite.jpg
171839,http://tsw-admin.icommerce.se/media/catalog/product/f/1/f1207pblue.jpg
171840,http://tsw-admin.icommerce.se/media/catalog/product/f/1/f1207pyellow.jpg
171841,http://tsw-admin.icommerce.se/media/catalog/product/f/1/f1207ppink.jpg
171941,http://tsw-admin.icommerce.se/media/catalog/product/f/1/f1238eblack.jpg
171942,http://tsw-admin.icommerce.se/media/catalog/product/f/1/f1238egold.jpg
171943,http://tsw-admin.icommerce.se/media/catalog/product/f/1/f1238ewhite.jpg
171944,http://tsw-admin.icommerce.se/media/catalog/product/f/1/f1238eyellow.jpg
171945,http://tsw-admin.icommerce.se/media/catalog/product/f/1/f1197pblack.jpg
171946,http://tsw-admin.icommerce.se/media/catalog/product/f/1/f1197pblue.jpg
172209,http://tsw-admin.icommerce.se/media/catalog/product/2/8/28_3.jpg
172211,http://tsw-admin.icommerce.se/media/catalog/product/2/9/29_3.jpg
172213,http://tsw-admin.icommerce.se/media/catalog/product/2/4/24_3.jpg
172215,http://tsw-admin.icommerce.se/media/catalog/product/3/2/32_3.jpg
173381,http://tsw-admin.icommerce.se/media/catalog/product/1/_/1_84_376.jpg
173382,http://tsw-admin.icommerce.se/media/catalog/product/1/_/1_84_380.jpg
173383,http://tsw-admin.icommerce.se/media/catalog/product/1/_/1_84_381.jpg
173384,http://tsw-admin.icommerce.se/media/catalog/product/1/_/1_84_377.jpg
173389,http://tsw-admin.icommerce.se/media/catalog/product/1/_/1_84_378.jpg
173390,http://tsw-admin.icommerce.se/media/catalog/product/1/_/1_84_382.jpg
174805,http://tsw-admin.icommerce.se/media/catalog/product/t/n/tn_images--w--f1207p-black---jpg_w350_h173.jpg
183796,http://tsw-admin.icommerce.se/media/catalog/product/1/_/1_99_227.jpg
183797,http://tsw-admin.icommerce.se/media/catalog/product/1/_/1_99_225.jpg
183798,http://tsw-admin.icommerce.se/media/catalog/product/1/_/1_99_226.jpg
183799,http://tsw-admin.icommerce.se/media/catalog/product/1/_/1_99_228.jpg
183800,http://tsw-admin.icommerce.se/media/catalog/product/1/_/1_99_224.jpg
184245,http://tsw-admin.icommerce.se/media/catalog/product/1/2/129180.jpg
184246,http://tsw-admin.icommerce.se/media/catalog/product/1/2/129179.jpg
184247,http://tsw-admin.icommerce.se/media/catalog/product/1/2/129178.jpg
184248,http://tsw-admin.icommerce.se/media/catalog/product/1/2/129177.jpg
184249,http://tsw-admin.icommerce.se/media/catalog/product/1/2/129176.jpg
184250,http://tsw-admin.icommerce.se/media/catalog/product/1/2/129175.jpg
184251,http://tsw-admin.icommerce.se/media/catalog/product/1/2/129174.jpg
184252,http://tsw-admin.icommerce.se/media/catalog/product/1/2/129173.jpg
184254,http://tsw-admin.icommerce.se/media/catalog/product/1/2/129181.jpg
186765,http://tsw-admin.icommerce.se/media/catalog/product/1/_/1_130_75.jpg
186792,http://tsw-admin.icommerce.se/media/catalog/product/1/_/1_130_25.jpg
186793,http://tsw-admin.icommerce.se/media/catalog/product/1/_/1_130_40.jpg
186795,http://tsw-admin.icommerce.se/media/catalog/product/1/_/1_130_24.jpg
186810,http://tsw-admin.icommerce.se/media/catalog/product/1/_/1_130_43.jpg
186829,http://tsw-admin.icommerce.se/media/catalog/product/1/_/1_130_46.jpg
186833,http://tsw-admin.icommerce.se/media/catalog/product/1/_/1_129_66.jpg
186834,http://tsw-admin.icommerce.se/media/catalog/product/1/_/1_129_65.jpg
186837,http://tsw-admin.icommerce.se/media/catalog/product/1/_/1_129_51.jpg
186838,http://tsw-admin.icommerce.se/media/catalog/product/1/_/1_129_54.jpg
186839,http://tsw-admin.icommerce.se/media/catalog/product/1/_/1_129_27.jpg
186840,http://tsw-admin.icommerce.se/media/catalog/product/1/_/1_129_64.jpg
186846,http://tsw-admin.icommerce.se/media/catalog/product/1/_/1_129_37.jpg
186847,http://tsw-admin.icommerce.se/media/catalog/product/1/_/1_129_38.jpg
186848,http://tsw-admin.icommerce.se/media/catalog/product/1/_/1_129_35.jpg
186849,http://tsw-admin.icommerce.se/media/catalog/product/1/_/1_130_1.jpg
186850,http://tsw-admin.icommerce.se/media/catalog/product/1/_/1_131_25.jpg
186854,http://tsw-admin.icommerce.se/media/catalog/product/1/_/1_129_100.jpg
186855,http://tsw-admin.icommerce.se/media/catalog/product/1/_/1_130_62.jpg
186950,http://tsw-admin.icommerce.se/media/catalog/product/1/_/1_131_18.jpg
186951,http://tsw-admin.icommerce.se/media/catalog/product/1/_/1_131_34.jpg
186952,http://tsw-admin.icommerce.se/media/catalog/product/1/_/1_129_90.jpg
186953,http://tsw-admin.icommerce.se/media/catalog/product/1/_/1_131_33.jpg
186960,http://tsw-admin.icommerce.se/media/catalog/product/1/_/1_131_10.jpg
186961,http://tsw-admin.icommerce.se/media/catalog/product/1/_/1_129_70.jpg
186962,http://tsw-admin.icommerce.se/media/catalog/product/1/_/1_131_22.jpg
186964,http://tsw-admin.icommerce.se/media/catalog/product/1/_/1_130_55.jpg
186967,http://tsw-admin.icommerce.se/media/catalog/product/1/_/1_129_42.jpg
186968,http://tsw-admin.icommerce.se/media/catalog/product/1/_/1_129_63.jpg
186969,http://tsw-admin.icommerce.se/media/catalog/product/1/_/1_129_45.jpg
186970,http://tsw-admin.icommerce.se/media/catalog/product/1/_/1_129_62.jpg
186971,http://tsw-admin.icommerce.se/media/catalog/product/1/_/1_129_75.jpg
186972,http://tsw-admin.icommerce.se/media/catalog/product/1/_/1_129_36.jpg
186973,http://tsw-admin.icommerce.se/media/catalog/product/1/_/1_129_60.jpg
186974,http://tsw-admin.icommerce.se/media/catalog/product/1/_/1_129_48.jpg
186975,http://tsw-admin.icommerce.se/media/catalog/product/1/_/1_129_74.jpg
186976,http://tsw-admin.icommerce.se/media/catalog/product/1/_/1_129_41.jpg
186977,http://tsw-admin.icommerce.se/media/catalog/product/1/_/1_129_55.jpg
186982,http://tsw-admin.icommerce.se/media/catalog/product/1/_/1_129_56.jpg
186984,http://tsw-admin.icommerce.se/media/catalog/product/1/_/1_129_92.jpg
186985,http://tsw-admin.icommerce.se/media/catalog/product/1/_/1_130_86.jpg
186986,http://tsw-admin.icommerce.se/media/catalog/product/1/_/1_129_61.jpg
186987,http://tsw-admin.icommerce.se/media/catalog/product/1/_/1_131_5.jpg
186988,http://tsw-admin.icommerce.se/media/catalog/product/1/_/1_130_95.jpg
186995,http://tsw-admin.icommerce.se/media/catalog/product/1/_/1_130_97.jpg
186996,http://tsw-admin.icommerce.se/media/catalog/product/1/_/1_130_108.jpg
186997,http://tsw-admin.icommerce.se/media/catalog/product/1/_/1_129_71.jpg
186998,http://tsw-admin.icommerce.se/media/catalog/product/1/_/1_131_1.jpg
186999,http://tsw-admin.icommerce.se/media/catalog/product/1/_/1_129_20.jpg
187000,http://tsw-admin.icommerce.se/media/catalog/product/1/_/1_131_27.jpg
187001,http://tsw-admin.icommerce.se/media/catalog/product/1/_/1_130_99.jpg
187002,http://tsw-admin.icommerce.se/media/catalog/product/1/_/1_130_101.jpg
187003,http://tsw-admin.icommerce.se/media/catalog/product/1/_/1_130_102.jpg
187004,http://tsw-admin.icommerce.se/media/catalog/product/1/_/1_130_104.jpg
187005,http://tsw-admin.icommerce.se/media/catalog/product/1/_/1_131_16.jpg
187006,http://tsw-admin.icommerce.se/media/catalog/product/1/_/1_129_57.jpg
187007,http://tsw-admin.icommerce.se/media/catalog/product/1/_/1_129_73.jpg
187008,http://tsw-admin.icommerce.se/media/catalog/product/1/_/1_131_12.jpg
187009,http://tsw-admin.icommerce.se/media/catalog/product/1/_/1_131_19.jpg
187010,http://tsw-admin.icommerce.se/media/catalog/product/1/_/1_131_11.jpg
187011,http://tsw-admin.icommerce.se/media/catalog/product/1/_/1_129_58.jpg
187024,http://tsw-admin.icommerce.se/media/catalog/product/1/_/1_130_61.jpg
187025,http://tsw-admin.icommerce.se/media/catalog/product/1/_/1_130_58.jpg
187026,http://tsw-admin.icommerce.se/media/catalog/product/1/_/1_130_98.jpg
187027,http://tsw-admin.icommerce.se/media/catalog/product/1/_/1_129_85.jpg
187028,http://tsw-admin.icommerce.se/media/catalog/product/1/_/1_129_84.jpg
187029,http://tsw-admin.icommerce.se/media/catalog/product/1/_/1_130_103.jpg
187030,http://tsw-admin.icommerce.se/media/catalog/product/1/_/1_129_80.jpg
187031,http://tsw-admin.icommerce.se/media/catalog/product/1/_/1_130_68.jpg
187032,http://tsw-admin.icommerce.se/media/catalog/product/1/_/1_130_88.jpg
187033,http://tsw-admin.icommerce.se/media/catalog/product/1/_/1_131_3.jpg
187034,http://tsw-admin.icommerce.se/media/catalog/product/1/_/1_130_94.jpg
187035,http://tsw-admin.icommerce.se/media/catalog/product/1/_/1_130_105.jpg
187036,http://tsw-admin.icommerce.se/media/catalog/product/1/_/1_130_65.jpg
187038,http://tsw-admin.icommerce.se/media/catalog/product/1/_/1_130_93.jpg
187041,http://tsw-admin.icommerce.se/media/catalog/product/1/_/1_130_33.jpg
187042,http://tsw-admin.icommerce.se/media/catalog/product/1/_/1_130_66.jpg
187043,http://tsw-admin.icommerce.se/media/catalog/product/1/_/1_130_50.jpg
187044,http://tsw-admin.icommerce.se/media/catalog/product/1/_/1_130_82.jpg
187045,http://tsw-admin.icommerce.se/media/catalog/product/1/_/1_131_6.jpg
187046,http://tsw-admin.icommerce.se/media/catalog/product/1/_/1_130_42.jpg
187053,http://tsw-admin.icommerce.se/media/catalog/product/1/_/1_130_27.jpg
187054,http://tsw-admin.icommerce.se/media/catalog/product/1/_/1_130_11.jpg
187055,http://tsw-admin.icommerce.se/media/catalog/product/1/_/1_130_26.jpg
187056,http://tsw-admin.icommerce.se/media/catalog/product/1/_/1_130_23.jpg
187057,http://tsw-admin.icommerce.se/media/catalog/product/1/_/1_130_31.jpg
187058,http://tsw-admin.icommerce.se/media/catalog/product/1/_/1_130_4.jpg
187069,http://tsw-admin.icommerce.se/media/catalog/product/1/_/1_130_72.jpg
187071,http://tsw-admin.icommerce.se/media/catalog/product/1/_/1_129_53.jpg
187072,http://tsw-admin.icommerce.se/media/catalog/product/1/_/1_130_8.jpg
187073,http://tsw-admin.icommerce.se/media/catalog/product/1/_/1_130_7.jpg
187074,http://tsw-admin.icommerce.se/media/catalog/product/1/_/1_130_5.jpg
187086,http://tsw-admin.icommerce.se/media/catalog/product/1/_/1_130_17.jpg
187087,http://tsw-admin.icommerce.se/media/catalog/product/1/_/1_129_25.jpg
187088,http://tsw-admin.icommerce.se/media/catalog/product/1/_/1_130_12.jpg
187089,http://tsw-admin.icommerce.se/media/catalog/product/1/_/1_129_26.jpg
187090,http://tsw-admin.icommerce.se/media/catalog/product/1/_/1_130_52.jpg
187096,http://tsw-admin.icommerce.se/media/catalog/product/1/_/1_129_86.jpg
187097,http://tsw-admin.icommerce.se/media/catalog/product/1/_/1_130_47.jpg
187098,http://tsw-admin.icommerce.se/media/catalog/product/1/_/1_130_100.jpg
187099,http://tsw-admin.icommerce.se/media/catalog/product/1/_/1_131_2.jpg
187101,http://tsw-admin.icommerce.se/media/catalog/product/1/_/1_129_52.jpg
187102,http://tsw-admin.icommerce.se/media/catalog/product/1/_/1_129_43.jpg
187103,http://tsw-admin.icommerce.se/media/catalog/product/1/_/1_129_59.jpg
187107,http://tsw-admin.icommerce.se/media/catalog/product/1/_/1_130_9.jpg
187108,http://tsw-admin.icommerce.se/media/catalog/product/1/_/1_130_54.jpg
187109,http://tsw-admin.icommerce.se/media/catalog/product/1/_/1_129_39.jpg
187211,http://tsw-admin.icommerce.se/media/catalog/product/1/_/1_131_9.jpg
187245,http://tsw-admin.icommerce.se/media/catalog/product/1/_/1_130_39.jpg
187246,http://tsw-admin.icommerce.se/media/catalog/product/1/_/1_130_57.jpg
187247,http://tsw-admin.icommerce.se/media/catalog/product/1/_/1_130_29.jpg
187250,http://tsw-admin.icommerce.se/media/catalog/product/1/_/1_130_15.jpg
187276,http://tsw-admin.icommerce.se/media/catalog/product/1/_/1_134_8.jpg
187277,http://tsw-admin.icommerce.se/media/catalog/product/1/_/1_134_11.jpg
187278,http://tsw-admin.icommerce.se/media/catalog/product/1/_/1_133_78.jpg
187279,http://tsw-admin.icommerce.se/media/catalog/product/1/_/1_133_61.jpg
187280,http://tsw-admin.icommerce.se/media/catalog/product/1/_/1_134_7.jpg
187281,http://tsw-admin.icommerce.se/media/catalog/product/1/_/1_134_9.jpg
187282,http://tsw-admin.icommerce.se/media/catalog/product/1/_/1_130_48.jpg
187283,http://tsw-admin.icommerce.se/media/catalog/product/1/_/1_129_19.jpg
187284,http://tsw-admin.icommerce.se/media/catalog/product/1/_/1_130_84.jpg
187285,http://tsw-admin.icommerce.se/media/catalog/product/1/_/1_130_3.jpg
187286,http://tsw-admin.icommerce.se/media/catalog/product/1/_/1_130_71.jpg
187287,http://tsw-admin.icommerce.se/media/catalog/product/1/_/1_129_47.jpg
187288,http://tsw-admin.icommerce.se/media/catalog/product/1/_/1_130_45.jpg
187289,http://tsw-admin.icommerce.se/media/catalog/product/1/_/1_130_6.jpg
187290,http://tsw-admin.icommerce.se/media/catalog/product/1/_/1_130_20.jpg
187291,http://tsw-admin.icommerce.se/media/catalog/product/1/_/1_130_35.jpg
187832,http://tsw-admin.icommerce.se/media/catalog/product/1/_/1_130_10.jpg
197983,http://tsw-admin.icommerce.se/media/catalog/product/1/_/1_132_69.jpg
215484,http://tsw-admin.icommerce.se/media/catalog/product/2/_/2_489_9.jpg
224139,http://tsw-admin.icommerce.se/media/catalog/product/_/m/_mg_0151-kalib.jpg
224688,http://tsw-admin.icommerce.se/media/catalog/product/_/m/_mg_1607_1.jpg
224689,http://tsw-admin.icommerce.se/media/catalog/product/_/m/_mg_1610.jpg
227598,http://tsw-admin.icommerce.se/media/catalog/product/1/_/1_206_13.jpg
227599,http://tsw-admin.icommerce.se/media/catalog/product/_/m/_mg_0127-kalib.jpg
227601,http://tsw-admin.icommerce.se/media/catalog/product/1/_/1_206_22.jpg
227602,http://tsw-admin.icommerce.se/media/catalog/product/1/_/1_207_10.jpg
227603,http://tsw-admin.icommerce.se/media/catalog/product/1/_/1_205_204.jpg
227604,http://tsw-admin.icommerce.se/media/catalog/product/1/_/1_207_17.jpg
227605,http://tsw-admin.icommerce.se/media/catalog/product/1/_/1_207_29.jpg
227607,http://tsw-admin.icommerce.se/media/catalog/product/1/_/1_207_12.jpg
227608,http://tsw-admin.icommerce.se/media/catalog/product/1/_/1_206_9.jpg
227609,http://tsw-admin.icommerce.se/media/catalog/product/1/_/1_510_9.jpg
227610,http://tsw-admin.icommerce.se/media/catalog/product/1/_/1_206_11.jpg
227612,http://tsw-admin.icommerce.se/media/catalog/product/1/_/1_207_9.jpg
227613,http://tsw-admin.icommerce.se/media/catalog/product/_/m/_mg_1599.jpg
227614,http://tsw-admin.icommerce.se/media/catalog/product/1/_/1_207_21.jpg
227615,http://tsw-admin.icommerce.se/media/catalog/product/1/_/1_207_24.jpg
227616,http://tsw-admin.icommerce.se/media/catalog/product/1/_/1_207_28.jpg
227617,http://tsw-admin.icommerce.se/media/catalog/product/1/_/1_207_16.jpg
227618,http://tsw-admin.icommerce.se/media/catalog/product/1/_/1_207_8.jpg
227619,http://tsw-admin.icommerce.se/media/catalog/product/1/_/1_207_14.jpg
227620,http://tsw-admin.icommerce.se/media/catalog/product/1/_/1_207_26.jpg
227621,http://tsw-admin.icommerce.se/media/catalog/product/1/_/1_206_28.jpg
227622,http://tsw-admin.icommerce.se/media/catalog/product/1/_/1_207_6.jpg
227623,http://tsw-admin.icommerce.se/media/catalog/product/1/_/1_206_32.jpg
227624,http://tsw-admin.icommerce.se/media/catalog/product/1/_/1_205_187.jpg
227625,http://tsw-admin.icommerce.se/media/catalog/product/1/_/1_206_10.jpg
227626,http://tsw-admin.icommerce.se/media/catalog/product/1/_/1_207_18.jpg
227627,http://tsw-admin.icommerce.se/media/catalog/product/1/_/1_206_3.jpg
227628,http://tsw-admin.icommerce.se/media/catalog/product/1/_/1_206_20.jpg
227629,http://tsw-admin.icommerce.se/media/catalog/product/1/_/1_205_199.jpg
227631,http://tsw-admin.icommerce.se/media/catalog/product/1/_/1_206_7.jpg
227632,http://tsw-admin.icommerce.se/media/catalog/product/1/_/1_206_17.jpg
227633,http://tsw-admin.icommerce.se/media/catalog/product/_/m/_mg_1603.jpg
227634,http://tsw-admin.icommerce.se/media/catalog/product/1/_/1_206_18.jpg
227635,http://tsw-admin.icommerce.se/media/catalog/product/1/_/1_207_22.jpg
227636,http://tsw-admin.icommerce.se/media/catalog/product/_/m/_mg_1594.jpg
227637,http://tsw-admin.icommerce.se/media/catalog/product/1/_/1_206_34.jpg
227638,http://tsw-admin.icommerce.se/media/catalog/product/1/_/1_206_4.jpg
227639,http://tsw-admin.icommerce.se/media/catalog/product/1/_/1_206_35.jpg
227640,http://tsw-admin.icommerce.se/media/catalog/product/1/_/1_206.jpg
227641,http://tsw-admin.icommerce.se/media/catalog/product/1/_/1_207_20.jpg
227642,http://tsw-admin.icommerce.se/media/catalog/product/1/_/1_206_29.jpg
227643,http://tsw-admin.icommerce.se/media/catalog/product/1/_/1_206_12.jpg
227645,http://tsw-admin.icommerce.se/media/catalog/product/1/_/1_207_34.jpg
227647,http://tsw-admin.icommerce.se/media/catalog/product/1/_/1_207_11.jpg
227648,http://tsw-admin.icommerce.se/media/catalog/product/1/_/1_206_25.jpg
227649,http://tsw-admin.icommerce.se/media/catalog/product/1/_/1_206_26.jpg
227650,http://tsw-admin.icommerce.se/media/catalog/product/1/_/1_206_19.jpg
227652,http://tsw-admin.icommerce.se/media/catalog/product/1/_/1_207_23.jpg
227653,http://tsw-admin.icommerce.se/media/catalog/product/1/_/1_207_27.jpg
227654,http://tsw-admin.icommerce.se/media/catalog/product/1/_/1_207_33.jpg
227655,http://tsw-admin.icommerce.se/media/catalog/product/1/_/1_206_21.jpg
227656,http://tsw-admin.icommerce.se/media/catalog/product/1/_/1_205_200.jpg
227657,http://tsw-admin.icommerce.se/media/catalog/product/1/_/1_206_6.jpg
227658,http://tsw-admin.icommerce.se/media/catalog/product/1/_/1_205_190.jpg
227659,http://tsw-admin.icommerce.se/media/catalog/product/1/_/1_206_24.jpg
227660,http://tsw-admin.icommerce.se/media/catalog/product/1/_/1_206_14.jpg
227661,http://tsw-admin.icommerce.se/media/catalog/product/1/_/1_205_194.jpg
227662,http://tsw-admin.icommerce.se/media/catalog/product/1/_/1_205_188.jpg
227663,http://tsw-admin.icommerce.se/media/catalog/product/1/_/1_206_31.jpg
227664,http://tsw-admin.icommerce.se/media/catalog/product/1/_/1_205_202.jpg
227665,http://tsw-admin.icommerce.se/media/catalog/product/1/_/1_205_197.jpg
227666,http://tsw-admin.icommerce.se/media/catalog/product/1/_/1_205_196.jpg
227668,http://tsw-admin.icommerce.se/media/catalog/product/1/_/1_205_189.jpg
227669,http://tsw-admin.icommerce.se/media/catalog/product/1/_/1_205_203.jpg
227670,http://tsw-admin.icommerce.se/media/catalog/product/1/_/1_206_5.jpg
227671,http://tsw-admin.icommerce.se/media/catalog/product/1/_/1_206_33.jpg
227672,http://tsw-admin.icommerce.se/media/catalog/product/1/_/1_207_15.jpg
227673,http://tsw-admin.icommerce.se/media/catalog/product/1/_/1_206_16.jpg
227674,http://tsw-admin.icommerce.se/media/catalog/product/1/_/1_206_30.jpg
227675,http://tsw-admin.icommerce.se/media/catalog/product/1/_/1_207_13.jpg
227679,http://tsw-admin.icommerce.se/media/catalog/product/_/m/_mg_0129-kalib.jpg
227688,http://tsw-admin.icommerce.se/media/catalog/product/1/_/1_207_37.jpg
227689,http://tsw-admin.icommerce.se/media/catalog/product/1/_/1_207_35.jpg
227690,http://tsw-admin.icommerce.se/media/catalog/product/1/_/1_206_36.jpg
227691,http://tsw-admin.icommerce.se/media/catalog/product/1/_/1_207_36.jpg
227692,http://tsw-admin.icommerce.se/media/catalog/product/1/_/1_206_37.jpg
227693,http://tsw-admin.icommerce.se/media/catalog/product/d/s/dscf3086blkblue.jpg
227694,http://tsw-admin.icommerce.se/media/catalog/product/1/_/1_205_195.jpg
227696,http://tsw-admin.icommerce.se/media/catalog/product/f/1/f1269e-2.jpg
227697,http://tsw-admin.icommerce.se/media/catalog/product/d/s/dscf5614.jpg
227698,http://tsw-admin.icommerce.se/media/catalog/product/f/1/f1269e.jpg
227703,http://tsw-admin.icommerce.se/media/catalog/product/1/_/1_205_193.jpg
227705,http://tsw-admin.icommerce.se/media/catalog/product/_/m/_mg_0406-kalib.jpg
227706,http://tsw-admin.icommerce.se/media/catalog/product/1/_/1_207_30.jpg
227707,http://tsw-admin.icommerce.se/media/catalog/product/_/m/_mg_0134-kalib.jpg
227708,http://tsw-admin.icommerce.se/media/catalog/product/1/_/1_205_201.jpg
227709,http://tsw-admin.icommerce.se/media/catalog/product/1/_/1_206_23.jpg
227710,http://tsw-admin.icommerce.se/media/catalog/product/1/_/1_206_8.jpg
227711,http://tsw-admin.icommerce.se/media/catalog/product/1/3/138198_2_.jpg
227713,http://tsw-admin.icommerce.se/media/catalog/product/1/_/1_206_1.jpg
227714,http://tsw-admin.icommerce.se/media/catalog/product/1/_/1_205_198.jpg
227716,http://tsw-admin.icommerce.se/media/catalog/product/1/_/1_206_2.jpg
227717,http://tsw-admin.icommerce.se/media/catalog/product/1/_/1_510_40.jpg
227862,http://tsw-admin.icommerce.se/media/catalog/product/1/_/1_207_32.jpg
227863,http://tsw-admin.icommerce.se/media/catalog/product/1/_/1_510_39.jpg
227870,http://tsw-admin.icommerce.se/media/catalog/product/1/_/1_207_25.jpg
227891,http://tsw-admin.icommerce.se/media/catalog/product/1/_/1_207_19.jpg
227894,http://tsw-admin.icommerce.se/media/catalog/product/_/m/_mg_0142-kalib.jpg
234018,http://tsw-admin.icommerce.se/media/catalog/product/1/3/139667_1.jpg
234019,http://tsw-admin.icommerce.se/media/catalog/product/5/3/53_2.jpg
234020,http://tsw-admin.icommerce.se/media/catalog/product/4/8/48_1_1.jpg
234642,http://tsw-admin.icommerce.se/media/catalog/product/3/2/32_5.jpg
234643,http://tsw-admin.icommerce.se/media/catalog/product/1/6/16_2_7.jpg
234644,http://tsw-admin.icommerce.se/media/catalog/product/4/4/44_4.jpg
234645,http://tsw-admin.icommerce.se/media/catalog/product/4/0/40_2.jpg
234648,http://tsw-admin.icommerce.se/media/catalog/product/3/6/36_1.jpg
234649,http://tsw-admin.icommerce.se/media/catalog/product/3/9/39_3.jpg
234652,http://tsw-admin.icommerce.se/media/catalog/product/4/2/42_2.jpg
236005,http://tsw-admin.icommerce.se/media/catalog/product/1/0/10_6_51.jpg
236006,http://tsw-admin.icommerce.se/media/catalog/product/5/_/5_96_26.jpg
236007,http://tsw-admin.icommerce.se/media/catalog/product/1/_/1_478_68.jpg
236008,http://tsw-admin.icommerce.se/media/catalog/product/1/3/139684.jpg
236009,http://tsw-admin.icommerce.se/media/catalog/product/6/_/6_25_4.jpg
236010,http://tsw-admin.icommerce.se/media/catalog/product/1/2/12_2_4.jpg
236011,http://tsw-admin.icommerce.se/media/catalog/product/1/3/13_10.jpg
236012,http://tsw-admin.icommerce.se/media/catalog/product/1/1/11_56.jpg
236013,http://tsw-admin.icommerce.se/media/catalog/product/9/_/9_8_50.jpg
236015,http://tsw-admin.icommerce.se/media/catalog/product/2/_/2_455_67.jpg
236016,http://tsw-admin.icommerce.se/media/catalog/product/3/_/3_438_61.jpg
236017,http://tsw-admin.icommerce.se/media/catalog/product/4/_/4_349_60.jpg
236018,http://tsw-admin.icommerce.se/media/catalog/product/1/9/19_5.jpg
236019,http://tsw-admin.icommerce.se/media/catalog/product/1/8/18_6.jpg
236020,http://tsw-admin.icommerce.se/media/catalog/product/2/8/28_6.jpg
236021,http://tsw-admin.icommerce.se/media/catalog/product/2/6/26_2.jpg
236022,http://tsw-admin.icommerce.se/media/catalog/product/1/3/139662_2_.jpg
236023,http://tsw-admin.icommerce.se/media/catalog/product/3/1/31_2.jpg
236024,http://tsw-admin.icommerce.se/media/catalog/product/2/9/29_5.jpg
236025,http://tsw-admin.icommerce.se/media/catalog/product/3/0/30_4.jpg
236026,http://tsw-admin.icommerce.se/media/catalog/product/1/3/139658.jpg
236027,http://tsw-admin.icommerce.se/media/catalog/product/5/0/50_3.jpg
236028,http://tsw-admin.icommerce.se/media/catalog/product/3/4/34_1_3.jpg
236029,http://tsw-admin.icommerce.se/media/catalog/product/5/2/52_3.jpg
236030,http://tsw-admin.icommerce.se/media/catalog/product/1/3/139653_1.jpg
236031,http://tsw-admin.icommerce.se/media/catalog/product/3/7/37_2.jpg
236032,http://tsw-admin.icommerce.se/media/catalog/product/4/7/47_1_2.jpg
236033,http://tsw-admin.icommerce.se/media/catalog/product/4/5/45_2.jpg
236034,http://tsw-admin.icommerce.se/media/catalog/product/4/1/41_3.jpg
236035,http://tsw-admin.icommerce.se/media/catalog/product/3/8/38_1.jpg
236036,http://tsw-admin.icommerce.se/media/catalog/product/4/3/43_4.jpg
236037,http://tsw-admin.icommerce.se/media/catalog/product/3/5/35_3.jpg
236038,http://tsw-admin.icommerce.se/media/catalog/product/2/7/27_6.jpg
236362,http://tsw-admin.icommerce.se/media/catalog/product/2/4/24_4.jpg
236363,http://tsw-admin.icommerce.se/media/catalog/product/1/4/14_3.jpg
236364,http://tsw-admin.icommerce.se/media/catalog/product/2/1/21_1_3.jpg
236416,http://tsw-admin.icommerce.se/media/catalog/product/2/0/20_2.jpg
236417,http://tsw-admin.icommerce.se/media/catalog/product/5/1/51_4.jpg
273754,http://tsw-admin.icommerce.se/media/catalog/product/_/m/_mg_0146-kalib.jpg
273755,http://tsw-admin.icommerce.se/media/catalog/product/1/4/144529_2_.jpg
273756,http://tsw-admin.icommerce.se/media/catalog/product/_/m/_mg_1601.jpg
273757,http://tsw-admin.icommerce.se/media/catalog/product/d/s/dscf3050.jpg
273783,http://tsw-admin.icommerce.se/media/catalog/product/_/m/_mg_0136-kalib.jpg
273784,http://tsw-admin.icommerce.se/media/catalog/product/_/m/_mg_0138-kalib.jpg
273786,http://tsw-admin.icommerce.se/media/catalog/product/f/1/f1168cl.jpg
273787,http://tsw-admin.icommerce.se/media/catalog/product/_/m/_mg_0144-kalib.jpg
273789,http://tsw-admin.icommerce.se/media/catalog/product/d/s/dscf3054_-_violet.jpg
273790,http://tsw-admin.icommerce.se/media/catalog/product/d/s/dscf3044.jpg
273791,http://tsw-admin.icommerce.se/media/catalog/product/d/s/dscf3046.jpg
273792,http://tsw-admin.icommerce.se/media/catalog/product/d/s/dscf3047.jpg
273793,http://tsw-admin.icommerce.se/media/catalog/product/_/m/_mg_0140-kalib.jpg
273794,http://tsw-admin.icommerce.se/media/catalog/product/d/s/dscf3048.jpg
273795,http://tsw-admin.icommerce.se/media/catalog/product/d/s/dscf3045.jpg
273796,http://tsw-admin.icommerce.se/media/catalog/product/d/s/dscf3049.jpg
273797,http://tsw-admin.icommerce.se/media/catalog/product/d/s/dscf3102green.jpg
273798,http://tsw-admin.icommerce.se/media/catalog/product/d/s/dscf3103magenta.jpg
273799,http://tsw-admin.icommerce.se/media/catalog/product/d/s/dscf3099brown.jpg
273800,http://tsw-admin.icommerce.se/media/catalog/product/d/s/dscf3104turquoise.jpg
273801,http://tsw-admin.icommerce.se/media/catalog/product/d/s/dscf3100orange.jpg
273802,http://tsw-admin.icommerce.se/media/catalog/product/d/s/dscf3069_-_black.jpg
273803,http://tsw-admin.icommerce.se/media/catalog/product/d/s/dscf3064_-_green.jpg
273804,http://tsw-admin.icommerce.se/media/catalog/product/d/s/dscf3065_-_blue.jpg
273805,http://tsw-admin.icommerce.se/media/catalog/product/d/s/dscf3068_-_magenta.jpg
273806,http://tsw-admin.icommerce.se/media/catalog/product/d/s/dscf3067_-_purple.jpg
273807,http://tsw-admin.icommerce.se/media/catalog/product/d/s/dscf3066_-_brown.jpg
273808,http://tsw-admin.icommerce.se/media/catalog/product/d/s/dscf3061.jpg
273809,http://tsw-admin.icommerce.se/media/catalog/product/d/s/dscf3058.jpg
273810,http://tsw-admin.icommerce.se/media/catalog/product/d/s/dscf3059.jpg
273811,http://tsw-admin.icommerce.se/media/catalog/product/d/s/dscf3062.jpg
273812,http://tsw-admin.icommerce.se/media/catalog/product/d/s/dscf3060.jpg
273813,http://tsw-admin.icommerce.se/media/catalog/product/d/s/dscf3055_-_gold.jpg
273814,http://tsw-admin.icommerce.se/media/catalog/product/d/s/dscf3053_-_blue.jpg
273815,http://tsw-admin.icommerce.se/media/catalog/product/d/s/dscf3056_-_green.jpg
273816,http://tsw-admin.icommerce.se/media/catalog/product/x/d/xdscf3052.jpg
273817,http://tsw-admin.icommerce.se/media/catalog/product/d/s/dscf3091leo.jpg
273818,http://tsw-admin.icommerce.se/media/catalog/product/d/s/dscf3092blk.jpg
273819,http://tsw-admin.icommerce.se/media/catalog/product/d/s/dscf3088aqua.jpg
273820,http://tsw-admin.icommerce.se/media/catalog/product/d/s/dscf3089magenta.jpg
273821,http://tsw-admin.icommerce.se/media/catalog/product/d/s/dscf3087-green.jpg
273822,http://tsw-admin.icommerce.se/media/catalog/product/d/s/dscf3090red.jpg
273823,http://tsw-admin.icommerce.se/media/catalog/product/d/s/dscf3093green.jpg
273824,http://tsw-admin.icommerce.se/media/catalog/product/d/s/dscf3097orange.jpg
273825,http://tsw-admin.icommerce.se/media/catalog/product/d/s/dscf3096white.jpg
273826,http://tsw-admin.icommerce.se/media/catalog/product/d/s/dscf3098magenta.jpg
273827,http://tsw-admin.icommerce.se/media/catalog/product/d/s/dscf3094aqua.jpg
273828,http://tsw-admin.icommerce.se/media/catalog/product/d/s/dscf3095purple.jpg
273829,http://tsw-admin.icommerce.se/media/catalog/product/d/s/dscf3072-green.jpg
273830,http://tsw-admin.icommerce.se/media/catalog/product/d/s/dscf3075-orange.jpg
273831,http://tsw-admin.icommerce.se/media/catalog/product/d/s/dscf3078-grey.jpg
273832,http://tsw-admin.icommerce.se/media/catalog/product/d/s/dscf3077-white.jpg
273833,http://tsw-admin.icommerce.se/media/catalog/product/d/s/dscf3073-magenta.jpg
273834,http://tsw-admin.icommerce.se/media/catalog/product/d/s/dscf3080-purple.jpg
273835,http://tsw-admin.icommerce.se/media/catalog/product/d/s/dscf3079-blue.jpg
273836,http://tsw-admin.icommerce.se/media/catalog/product/d/s/dscf3081-brownwht.jpg
273837,http://tsw-admin.icommerce.se/media/catalog/product/1/4/144535.jpg
273838,http://tsw-admin.icommerce.se/media/catalog/product/d/s/dscf3082-brown.jpg
273839,http://tsw-admin.icommerce.se/media/catalog/product/x/d/xdscf3083blkgry.jpg
273840,http://tsw-admin.icommerce.se/media/catalog/product/1/4/144535_2_.jpg
273841,http://tsw-admin.icommerce.se/media/catalog/product/d/s/dscf3109blue.jpg
273842,http://tsw-admin.icommerce.se/media/catalog/product/d/s/dscf3110red.jpg
273843,http://tsw-admin.icommerce.se/media/catalog/product/d/s/dscf3108white.jpg
273844,http://tsw-admin.icommerce.se/media/catalog/product/d/s/dscf3105blk.jpg
274452,http://tsw-admin.icommerce.se/media/catalog/product/_/m/_mg_0149-kalib.jpg
283423,http://tsw-admin.icommerce.se/media/catalog/product/d/s/dscf5699.jpg
283424,http://tsw-admin.icommerce.se/media/catalog/product/d/s/dscf5638.jpg
283425,http://tsw-admin.icommerce.se/media/catalog/product/d/s/dscf5695.jpg
283426,http://tsw-admin.icommerce.se/media/catalog/product/d/s/dscf5697.jpg
283427,http://tsw-admin.icommerce.se/media/catalog/product/d/s/dscf5693.jpg
283428,http://tsw-admin.icommerce.se/media/catalog/product/d/s/dscf5703.jpg
283429,http://tsw-admin.icommerce.se/media/catalog/product/d/s/dscf5701.jpg
283430,http://tsw-admin.icommerce.se/media/catalog/product/_/m/_mg_0224.jpg
283431,http://tsw-admin.icommerce.se/media/catalog/product/d/s/dscf5685.jpg
283432,http://tsw-admin.icommerce.se/media/catalog/product/d/s/dscf5691.jpg
283433,http://tsw-admin.icommerce.se/media/catalog/product/_/m/_mg_0222.jpg
283434,http://tsw-admin.icommerce.se/media/catalog/product/d/s/dscf5672.jpg
283435,http://tsw-admin.icommerce.se/media/catalog/product/d/s/dscf5653.jpg
283436,http://tsw-admin.icommerce.se/media/catalog/product/d/s/dscf5628.jpg
283437,http://tsw-admin.icommerce.se/media/catalog/product/_/m/_mg_0408-kalib.jpg
283438,http://tsw-admin.icommerce.se/media/catalog/product/d/s/dscf5680.jpg
283439,http://tsw-admin.icommerce.se/media/catalog/product/d/s/dscf5620.jpg
283440,http://tsw-admin.icommerce.se/media/catalog/product/d/s/dscf5630.jpg
283441,http://tsw-admin.icommerce.se/media/catalog/product/d/s/dscf5632.jpg
283442,http://tsw-admin.icommerce.se/media/catalog/product/d/s/dscf5636.jpg
283443,http://tsw-admin.icommerce.se/media/catalog/product/d/s/dscf5622.jpg
283444,http://tsw-admin.icommerce.se/media/catalog/product/_/m/_mg_0228.jpg
283445,http://tsw-admin.icommerce.se/media/catalog/product/d/s/dscf5634.jpg
283446,http://tsw-admin.icommerce.se/media/catalog/product/d/s/dscf5624.jpg
283447,http://tsw-admin.icommerce.se/media/catalog/product/d/s/dscf5645.jpg
283448,http://tsw-admin.icommerce.se/media/catalog/product/d/s/dscf5668.jpg
283449,http://tsw-admin.icommerce.se/media/catalog/product/d/s/dscf5618.jpg
283450,http://tsw-admin.icommerce.se/media/catalog/product/d/s/dscf5689.jpg
283451,http://tsw-admin.icommerce.se/media/catalog/product/d/s/dscf5687.jpg
283452,http://tsw-admin.icommerce.se/media/catalog/product/d/s/dscf5683.jpg
283453,http://tsw-admin.icommerce.se/media/catalog/product/_/m/_mg_0404-kalib.jpg
283454,http://tsw-admin.icommerce.se/media/catalog/product/d/s/dscf5643.jpg
283455,http://tsw-admin.icommerce.se/media/catalog/product/d/s/dscf5641.jpg
284334,http://tsw-admin.icommerce.se/media/catalog/product/1/_/1_510_42.jpg
347181,http://tsw-admin.icommerce.se/media/catalog/product/1/5/153758-_2_.jpg
347195,http://tsw-admin.icommerce.se/media/catalog/product/1/5/153760-_2_.jpg
347209,http://tsw-admin.icommerce.se/media/catalog/product/1/5/153762-_2_.jpg
347210,http://tsw-admin.icommerce.se/media/catalog/product/1/5/153763-_2_.jpg
347211,http://tsw-admin.icommerce.se/media/catalog/product/1/5/153764-_2_.jpg
347212,http://tsw-admin.icommerce.se/media/catalog/product/1/5/153765-_2_.jpg
347226,http://tsw-admin.icommerce.se/media/catalog/product/1/5/153767-_2_.jpg
347240,http://tsw-admin.icommerce.se/media/catalog/product/1/5/153769-_2_.jpg
347254,http://tsw-admin.icommerce.se/media/catalog/product/1/5/153771-_2_.jpg
347289,http://tsw-admin.icommerce.se/media/catalog/product/1/5/153775-_2_.jpg
347290,http://tsw-admin.icommerce.se/media/catalog/product/1/5/153776-_2_.jpg
347304,http://tsw-admin.icommerce.se/media/catalog/product/1/5/153778-_2_.jpg
347331,http://tsw-admin.icommerce.se/media/catalog/product/1/5/153781-_2_.jpg
347344,http://tsw-admin.icommerce.se/media/catalog/product/1/5/153783-_2_.jpg
347462,http://tsw-admin.icommerce.se/media/catalog/product/1/5/153793-_2_.jpg
347503,http://tsw-admin.icommerce.se/media/catalog/product/1/5/153798_2_.jpg
347504,http://tsw-admin.icommerce.se/media/catalog/product/1/5/153799_2_.jpg
347505,http://tsw-admin.icommerce.se/media/catalog/product/1/5/153800_2_.jpg
347506,http://tsw-admin.icommerce.se/media/catalog/product/1/5/153801_2_.jpg
347507,http://tsw-admin.icommerce.se/media/catalog/product/1/5/153802_2_.jpg
347508,http://tsw-admin.icommerce.se/media/catalog/product/1/5/153803_2_.jpg
347509,http://tsw-admin.icommerce.se/media/catalog/product/1/5/153804_2_.jpg
347537,http://tsw-admin.icommerce.se/media/catalog/product/1/5/153808_2_.jpg
347556,http://tsw-admin.icommerce.se/media/catalog/product/1/5/153811_2_.jpg
347566,http://tsw-admin.icommerce.se/media/catalog/product/1/5/153813_2_.jpg
347567,http://tsw-admin.icommerce.se/media/catalog/product/1/5/153814_2_.jpg
347568,http://tsw-admin.icommerce.se/media/catalog/product/1/5/153815_2_.jpg
347668,http://tsw-admin.icommerce.se/media/catalog/product/1/5/153827_2_.jpg
347723,http://tsw-admin.icommerce.se/media/catalog/product/1/5/153834_2_.jpg
347733,http://tsw-admin.icommerce.se/media/catalog/product/1/5/153836_2_.jpg
347743,http://tsw-admin.icommerce.se/media/catalog/product/1/5/153838_2_.jpg
347754,http://tsw-admin.icommerce.se/media/catalog/product/1/5/153841_2_.jpg
347773,http://tsw-admin.icommerce.se/media/catalog/product/1/5/153844_2_.jpg
347846,http://tsw-admin.icommerce.se/media/catalog/product/1/5/153853_2__1.jpg
347856,http://tsw-admin.icommerce.se/media/catalog/product/1/5/153855_2_.jpg
347857,http://tsw-admin.icommerce.se/media/catalog/product/1/5/153856_2_.jpg
347876,http://tsw-admin.icommerce.se/media/catalog/product/1/5/153859_2_.jpg
347886,http://tsw-admin.icommerce.se/media/catalog/product/1/5/153861_2_.jpg
348030,http://tsw-admin.icommerce.se/media/catalog/product/1/5/153878_2_.jpg
348031,http://tsw-admin.icommerce.se/media/catalog/product/1/5/153879_2_.jpg
348032,http://tsw-admin.icommerce.se/media/catalog/product/1/5/153880_2_.jpg
348033,http://tsw-admin.icommerce.se/media/catalog/product/1/5/153881_2_.jpg
348034,http://tsw-admin.icommerce.se/media/catalog/product/1/5/153882_2_.jpg
348035,http://tsw-admin.icommerce.se/media/catalog/product/1/5/153883_2_.jpg
348036,http://tsw-admin.icommerce.se/media/catalog/product/1/5/153884_2_.jpg
348037,http://tsw-admin.icommerce.se/media/catalog/product/1/5/153885_2_.jpg
348038,http://tsw-admin.icommerce.se/media/catalog/product/1/5/153886_2_.jpg
348039,http://tsw-admin.icommerce.se/media/catalog/product/1/5/153887_2_.jpg
351859,http://tsw-admin.icommerce.se/media/catalog/product/1/5/154244-_2_.jpg
351871,http://tsw-admin.icommerce.se/media/catalog/product/1/5/154246-_2_.jpg
351883,http://tsw-admin.icommerce.se/media/catalog/product/1/5/154248-_2_.jpg
351895,http://tsw-admin.icommerce.se/media/catalog/product/1/5/154250-_2_.jpg
351907,http://tsw-admin.icommerce.se/media/catalog/product/1/5/154252-_2_.jpg
351919,http://tsw-admin.icommerce.se/media/catalog/product/1/5/154254-_2_.jpg
351931,http://tsw-admin.icommerce.se/media/catalog/product/1/5/154256-_2_.jpg
351943,http://tsw-admin.icommerce.se/media/catalog/product/1/5/154258-_2_.jpg
351988,http://tsw-admin.icommerce.se/media/catalog/product/1/5/154263.jpg
352000,http://tsw-admin.icommerce.se/media/catalog/product/1/5/154265.jpg
412445,http://tsw-admin.icommerce.se/media/catalog/product/1/6/161263_3_.jpg
412446,http://tsw-admin.icommerce.se/media/catalog/product/1/6/161264_2_.jpg
412447,http://tsw-admin.icommerce.se/media/catalog/product/1/6/161265_2_.jpg
412448,http://tsw-admin.icommerce.se/media/catalog/product/1/6/161266_2_.jpg
412449,http://tsw-admin.icommerce.se/media/catalog/product/1/6/161267_2_.jpg
412450,http://tsw-admin.icommerce.se/media/catalog/product/1/6/161268_2_.jpg
412451,http://tsw-admin.icommerce.se/media/catalog/product/1/6/161269_2_.jpg
412452,http://tsw-admin.icommerce.se/media/catalog/product/1/6/161270_2_.jpg
412453,http://tsw-admin.icommerce.se/media/catalog/product/1/6/161271_2_.jpg
412454,http://tsw-admin.icommerce.se/media/catalog/product/1/6/161272_2_.jpg
412455,http://tsw-admin.icommerce.se/media/catalog/product/1/6/161273_2_.jpg
412456,http://tsw-admin.icommerce.se/media/catalog/product/1/6/161274_2_.jpg
412457,http://tsw-admin.icommerce.se/media/catalog/product/1/6/161275_2_.jpg
412458,http://tsw-admin.icommerce.se/media/catalog/product/1/6/161276_2_.jpg
412459,http://tsw-admin.icommerce.se/media/catalog/product/1/6/161277_2_.jpg
412460,http://tsw-admin.icommerce.se/media/catalog/product/1/6/161278_2_.jpg
412461,http://tsw-admin.icommerce.se/media/catalog/product/1/6/161279_2_.jpg
412462,http://tsw-admin.icommerce.se/media/catalog/product/1/6/161280_2_.jpg
412463,http://tsw-admin.icommerce.se/media/catalog/product/1/6/161281_2_.jpg
412464,http://tsw-admin.icommerce.se/media/catalog/product/1/6/161282_2_.jpg
412465,http://tsw-admin.icommerce.se/media/catalog/product/1/6/161283_2_.jpg
412466,http://tsw-admin.icommerce.se/media/catalog/product/1/6/161284_2_.jpg
412467,http://tsw-admin.icommerce.se/media/catalog/product/1/6/161285_2_.jpg
412468,http://tsw-admin.icommerce.se/media/catalog/product/1/6/161286_2_.jpg
412469,http://tsw-admin.icommerce.se/media/catalog/product/1/6/161287_2_.jpg
412470,http://tsw-admin.icommerce.se/media/catalog/product/1/6/161288_2_.jpg
412471,http://tsw-admin.icommerce.se/media/catalog/product/1/6/161289_2_.jpg
412472,http://tsw-admin.icommerce.se/media/catalog/product/1/6/161290_2_.jpg
412473,http://tsw-admin.icommerce.se/media/catalog/product/1/6/161291_2_.jpg
412474,http://tsw-admin.icommerce.se/media/catalog/product/1/6/161292_2_.jpg
412475,http://tsw-admin.icommerce.se/media/catalog/product/1/6/161293_2_.jpg
412476,http://tsw-admin.icommerce.se/media/catalog/product/1/6/161294_2_.jpg
412477,http://tsw-admin.icommerce.se/media/catalog/product/1/6/161295_2_.jpg
412478,http://tsw-admin.icommerce.se/media/catalog/product/1/6/161296_2_.jpg
412479,http://tsw-admin.icommerce.se/media/catalog/product/1/6/161297_2_.jpg
412480,http://tsw-admin.icommerce.se/media/catalog/product/1/6/161298_2_.jpg
412481,http://tsw-admin.icommerce.se/media/catalog/product/1/6/161299_2_.jpg
412482,http://tsw-admin.icommerce.se/media/catalog/product/1/6/161300_2_.jpg
412483,http://tsw-admin.icommerce.se/media/catalog/product/1/6/161301_2_.jpg
412484,http://tsw-admin.icommerce.se/media/catalog/product/1/6/161302_2_.jpg
412485,http://tsw-admin.icommerce.se/media/catalog/product/1/6/161303_2_.jpg
412492,http://tsw-admin.icommerce.se/media/catalog/product/1/6/161306_2_.jpg
412495,http://tsw-admin.icommerce.se/media/catalog/product/1/6/161308_2_.jpg
412497,http://tsw-admin.icommerce.se/media/catalog/product/1/6/161309.jpg
412498,http://tsw-admin.icommerce.se/media/catalog/product/1/6/161310.jpg
412499,http://tsw-admin.icommerce.se/media/catalog/product/1/6/161311_2_.jpg
412500,http://tsw-admin.icommerce.se/media/catalog/product/1/6/161312_2_.jpg
415634,http://tsw-admin.icommerce.se/media/catalog/product/1/6/161570_1_.jpg
438329,http://tsw-admin.icommerce.se/media/catalog/product/1/6/164051_1_.jpg
438330,http://tsw-admin.icommerce.se/media/catalog/product/1/6/164052_1_.jpg
438331,http://tsw-admin.icommerce.se/media/catalog/product/1/6/164053_1_.jpg
438332,http://tsw-admin.icommerce.se/media/catalog/product/1/6/164054_1_.jpg
438333,http://tsw-admin.icommerce.se/media/catalog/product/1/6/164055_1_.jpg
438334,http://tsw-admin.icommerce.se/media/catalog/product/1/6/164056_1_.jpg
438335,http://tsw-admin.icommerce.se/media/catalog/product/1/6/164057_1_.jpg
438344,http://tsw-admin.icommerce.se/media/catalog/product/1/6/164059_1_.jpg
438345,http://tsw-admin.icommerce.se/media/catalog/product/1/6/164060_3_.jpg
438346,http://tsw-admin.icommerce.se/media/catalog/product/1/6/164061_1_.jpg
438348,http://tsw-admin.icommerce.se/media/catalog/product/1/6/164063_1_.jpg
438349,http://tsw-admin.icommerce.se/media/catalog/product/1/6/164064_1__1.jpg
438350,http://tsw-admin.icommerce.se/media/catalog/product/1/6/164062_3_.jpg
438351,http://tsw-admin.icommerce.se/media/catalog/product/1/6/164065_1_.jpg
438352,http://tsw-admin.icommerce.se/media/catalog/product/1/6/164066_1_.jpg
438353,http://tsw-admin.icommerce.se/media/catalog/product/1/6/164067_1_.jpg
438355,http://tsw-admin.icommerce.se/media/catalog/product/1/6/164069_1_.jpg
438356,http://tsw-admin.icommerce.se/media/catalog/product/1/6/164070_1__1.jpg
438357,http://tsw-admin.icommerce.se/media/catalog/product/1/6/164071_1_.jpg
438358,http://tsw-admin.icommerce.se/media/catalog/product/1/6/164072_1_.jpg
438359,http://tsw-admin.icommerce.se/media/catalog/product/1/6/164073_1_.jpg
438360,http://tsw-admin.icommerce.se/media/catalog/product/1/6/164074_1_.jpg
438361,http://tsw-admin.icommerce.se/media/catalog/product/1/6/164075_1_.jpg
438362,http://tsw-admin.icommerce.se/media/catalog/product/1/6/164076_1_.jpg
438363,http://tsw-admin.icommerce.se/media/catalog/product/1/6/164077_1_.jpg
438364,http://tsw-admin.icommerce.se/media/catalog/product/1/6/164078_1_.jpg
438365,http://tsw-admin.icommerce.se/media/catalog/product/1/6/164079_1_.jpg
438366,http://tsw-admin.icommerce.se/media/catalog/product/1/6/164080_1_.jpg
438367,http://tsw-admin.icommerce.se/media/catalog/product/1/6/164081_1_.jpg
438368,http://tsw-admin.icommerce.se/media/catalog/product/1/6/164082_1_.jpg
438369,http://tsw-admin.icommerce.se/media/catalog/product/1/6/164083_1_.jpg
438370,http://tsw-admin.icommerce.se/media/catalog/product/1/6/164084_1_.jpg
438380,http://tsw-admin.icommerce.se/media/catalog/product/1/6/164085_1_.jpg
438381,http://tsw-admin.icommerce.se/media/catalog/product/1/6/164086_1_.jpg
438382,http://tsw-admin.icommerce.se/media/catalog/product/1/6/164087_1_.jpg
438383,http://tsw-admin.icommerce.se/media/catalog/product/1/6/164088_1_.jpg
438384,http://tsw-admin.icommerce.se/media/catalog/product/1/6/164089_1_.jpg
438385,http://tsw-admin.icommerce.se/media/catalog/product/1/6/164090_1_.jpg
438386,http://tsw-admin.icommerce.se/media/catalog/product/1/6/164091_1_.jpg
438388,http://tsw-admin.icommerce.se/media/catalog/product/1/6/164092_1_.jpg
438389,http://tsw-admin.icommerce.se/media/catalog/product/1/6/164093_1_.jpg
438391,http://tsw-admin.icommerce.se/media/catalog/product/1/6/164095_1_.jpg
438392,http://tsw-admin.icommerce.se/media/catalog/product/1/6/164096_1_.jpg
438393,http://tsw-admin.icommerce.se/media/catalog/product/1/6/164097_1_.jpg
438394,http://tsw-admin.icommerce.se/media/catalog/product/1/6/164098_1_.jpg
438395,http://tsw-admin.icommerce.se/media/catalog/product/1/6/164099__1_.jpg
438396,http://tsw-admin.icommerce.se/media/catalog/product/1/6/164100_1_.jpg
438397,http://tsw-admin.icommerce.se/media/catalog/product/1/6/164101_1_.jpg
438398,http://tsw-admin.icommerce.se/media/catalog/product/1/6/164102_1_.jpg
438399,http://tsw-admin.icommerce.se/media/catalog/product/1/6/164103_2_.jpg
438406,http://tsw-admin.icommerce.se/media/catalog/product/1/6/164110_1_.jpg
438408,http://tsw-admin.icommerce.se/media/catalog/product/1/6/164112_2_.jpg
438409,http://tsw-admin.icommerce.se/media/catalog/product/1/6/164113_1_.jpg
438410,http://tsw-admin.icommerce.se/media/catalog/product/1/6/164114_1_.jpg
438411,http://tsw-admin.icommerce.se/media/catalog/product/1/6/164115_3_.jpg
438435,http://tsw-admin.icommerce.se/media/catalog/product/1/6/164117_1_.jpg
438436,http://tsw-admin.icommerce.se/media/catalog/product/1/6/164118_1_.jpg
438437,http://tsw-admin.icommerce.se/media/catalog/product/1/6/164119_1_.jpg
438438,http://tsw-admin.icommerce.se/media/catalog/product/1/6/164120_1__1_1.jpg
438439,http://tsw-admin.icommerce.se/media/catalog/product/1/6/164121_1_.jpg
438440,http://tsw-admin.icommerce.se/media/catalog/product/1/6/164122_2_.jpg
438441,http://tsw-admin.icommerce.se/media/catalog/product/1/6/164123_1_.jpg
438443,http://tsw-admin.icommerce.se/media/catalog/product/1/6/164125_1_.jpg
438445,http://tsw-admin.icommerce.se/media/catalog/product/1/6/164127_2_.jpg
438446,http://tsw-admin.icommerce.se/media/catalog/product/1/6/164128_1_.jpg
438447,http://tsw-admin.icommerce.se/media/catalog/product/1/6/164129_1_.jpg
438448,http://tsw-admin.icommerce.se/media/catalog/product/1/6/164130_1_.jpg
438449,http://tsw-admin.icommerce.se/media/catalog/product/1/6/164131_1_.jpg
438450,http://tsw-admin.icommerce.se/media/catalog/product/1/6/164132_1_.jpg
438451,http://tsw-admin.icommerce.se/media/catalog/product/1/6/164133_1_.jpg
438452,http://tsw-admin.icommerce.se/media/catalog/product/1/6/164134.jpg
438453,http://tsw-admin.icommerce.se/media/catalog/product/1/6/164135_1_.jpg
438454,http://tsw-admin.icommerce.se/media/catalog/product/1/6/164136_1_.jpg
438462,http://tsw-admin.icommerce.se/media/catalog/product/1/6/164138_1_.jpg
438463,http://tsw-admin.icommerce.se/media/catalog/product/1/6/164139_1_.jpg
438464,http://tsw-admin.icommerce.se/media/catalog/product/1/6/164140_1_.jpg
438474,http://tsw-admin.icommerce.se/media/catalog/product/1/6/164142_1_.jpg
438476,http://tsw-admin.icommerce.se/media/catalog/product/1/6/164144_1_.jpg
438477,http://tsw-admin.icommerce.se/media/catalog/product/1/6/164145_1_.jpg
438479,http://tsw-admin.icommerce.se/media/catalog/product/1/6/164147_1_.jpg
438480,http://tsw-admin.icommerce.se/media/catalog/product/1/6/164148_1_.jpg
438481,http://tsw-admin.icommerce.se/media/catalog/product/1/6/164149_1_.jpg
438482,http://tsw-admin.icommerce.se/media/catalog/product/1/6/164150_4_.jpg
438483,http://tsw-admin.icommerce.se/media/catalog/product/1/6/164151_2_.jpg
438484,http://tsw-admin.icommerce.se/media/catalog/product/1/6/164152_1_.jpg
438491,http://tsw-admin.icommerce.se/media/catalog/product/1/6/164154_1_.jpg
438498,http://tsw-admin.icommerce.se/media/catalog/product/1/6/164156_2_.jpg
438504,http://tsw-admin.icommerce.se/media/catalog/product/1/6/164158_1_.jpg
438505,http://tsw-admin.icommerce.se/media/catalog/product/1/6/164159_1_.jpg
438511,http://tsw-admin.icommerce.se/media/catalog/product/1/6/164161_1_.jpg
438519,http://tsw-admin.icommerce.se/media/catalog/product/1/6/164164_1_.jpg
438521,http://tsw-admin.icommerce.se/media/catalog/product/1/6/164166_1_.jpg
438522,http://tsw-admin.icommerce.se/media/catalog/product/1/6/164167_1_.jpg
438523,http://tsw-admin.icommerce.se/media/catalog/product/1/6/164168_1_.jpg
438524,http://tsw-admin.icommerce.se/media/catalog/product/1/6/164169_1_.jpg
438525,http://tsw-admin.icommerce.se/media/catalog/product/1/6/164170_1_.jpg
438526,http://tsw-admin.icommerce.se/media/catalog/product/1/6/164171_1_.jpg
438527,http://tsw-admin.icommerce.se/media/catalog/product/1/6/164172_1_.jpg
438529,http://tsw-admin.icommerce.se/media/catalog/product/1/6/164174_1_.jpg
438531,http://tsw-admin.icommerce.se/media/catalog/product/1/6/164176_1_.jpg
438532,http://tsw-admin.icommerce.se/media/catalog/product/1/6/164177_1_.jpg
438533,http://tsw-admin.icommerce.se/media/catalog/product/1/6/164178_1_.jpg
438534,http://tsw-admin.icommerce.se/media/catalog/product/1/6/164179_1_.jpg
438535,http://tsw-admin.icommerce.se/media/catalog/product/1/6/164180_3_.jpg
438536,http://tsw-admin.icommerce.se/media/catalog/product/1/6/164181_1_.jpg
